{  
  
  
    "STAKING_START_TIME Comment" : "Wednesday, 1 July 2020 08:00:00 GMT+08:00",
    "DEPLOYMENT_TIME":7502800,
    "STAKING_START_TIME":7503430, 
    "STAKING_END_TIME Comment" : "Wednesday, 30 June 2021 08:00:00 GMT+08:00",
    "STAKING_END_TIME":7503630 , 
    "TOTAL_REWARD" : "3000000000000000000000",
    "STAKING_TOKEN_SYMBOL": "MOONRAKER1",
    "STAKING_TOKEN_NAME": "dAUDT-1",
    "GOVERNANCE_TOKEN_REWARD_RATIO": "100000000000000000",
    "AUDT_TOKEN_ADDRESS" : "0x4CAe66E40138DdCBD37400bB2b5F3AC7c582F768",
    "STAKING_CONTRACT_ADDRESS" : "0x02d9676bf076800d0a12bc0a2d43c5c9861b8bcb",
    "STAKING_RECEIPT" : "0x9cf1eec2e36b7ed3c021abdb225a0706bd3f199f",
    "GOVERNANCE_TOKEN_ADDRESS" : "0xd0b68ca3096254f0649d47fdec2a8dec9a43ee4a",
    "DEPLOYMENT_STATUS" : 1

}