{  
  
  
  "STAKING_START_TIME Comment" : "Wednesday, 1 July 2020 08:00:00 GMT+08:00",
  "DEPLOYMENT_TIME":7490978,
  "STAKING_START_TIME":7492858,    
  "STAKING_END_TIME Comment" : "Wednesday, 30 June 2021 08:00:00 GMT+08:00",
  "STAKING_END_TIME":7493100,
  "TOTAL_REWARD" : "3000000000000000000000",
  "STAKING_TOKEN_SYMBOL": "MOONRAKER 2",
  "STAKING_TOKEN_NAME": "dAUDT-2",
  "GOVERNANCE_TOKEN_REWARD_RATIO": 75000000000000000,
  "AUDT_TOKEN_ADDRESS" : "0x4CAe66E40138DdCBD37400bB2b5F3AC7c582F768",
  "STAKING_CONTRACT_ADDRESS" : "0xa44d0e7960ae7036dae700a2bc43e75beecdcbb1",
  "STAKING_RECEIPT" : "0x35ac9927c6e706550abae385b990d6acb2e8db43",
  "GOVERNANCE_TOKEN_ADDRESS" : "0x186071bcf4a904c2d75023fc09cf6f79e52513a1",
  "DEPLOYMENT_STATUS" : 0

  }
  