{  
  
  
  "STAKING_START_TIME Comment" : "Wednesday, 1 July 2020 08:00:00 GMT+08:00",
  "DEPLOYMENT_TIME":120,
  "STAKING_START_TIME":134,    
  "STAKING_END_TIME Comment" : "Wednesday, 30 June 2021 08:00:00 GMT+08:00",
  "STAKING_END_TIME":154,
  "TOTAL_REWARD" : "3000000000000000000000",
  "STAKING_TOKEN_SYMBOL": "MOONRAKER 4",
  "STAKING_TOKEN_NAME": "dAUDT-4",
  "GOVERNANCE_TOKEN_REWARD_RATIO": 50000000000000000,
  "AUDT_TOKEN_ADDRESS" : "0x8914a9E5C5E234fDC3Ce9dc155ec19F43947ab59",
  "STAKING_CONTRACT_ADDRESS" : "0x966d3e76E7a890A2d7B9AE1E370dC219E920F9D4",
  "STAKING_RECEIPT" : "0xfE82e8f24A51E670133f4268cDfc164c49FC3b37",
  "GOVERNANCE_TOKEN_ADDRESS" : "0x2f3efA6bbDC5fAf4dC1a600765c7B7829e47bE10",
  "DEPLOYMENT_STATUS" : 0
  }
  