{  
  
  
  "STAKING_START_TIME Comment" : "Wednesday, 1 July 2020 08:00:00 GMT+08:00",
  "DEPLOYMENT_TIME":7502725,
  "STAKING_START_TIME":330,    
  "STAKING_END_TIME Comment" : "Wednesday, 30 June 2021 08:00:00 GMT+08:00",
  "STAKING_END_TIME":360,
  "TOTAL_REWARD" : "3000000000000000000000",
  "STAKING_TOKEN_SYMBOL": "MOONRAKER 3",
  "STAKING_TOKEN_NAME": "dAUDT-3",
  "GOVERNANCE_TOKEN_REWARD_RATIO": "50000000000000000",
  "AUDT_TOKEN_ADDRESS" : "0x1Eb874f536E9850b911850CbfCEc9Cb88Bdf007A",
  "STAKING_CONTRACT_ADDRESS" : "0x90AFC6C93CF6846ba9e38ff0B93D028be1DA0DE2",
  "STAKING_RECEIPT" : "0x6f4Ff7E58Ba6BadDEE365631f597A447735b240f",
  "GOVERNANCE_TOKEN_ADDRESS" : "0x8304E054D6320532bf49A5A21764696af1fC9aE2",
  "DEPLOYMENT_STATUS" : 0
  }
  